val	probability
0	0.0016712239111007917
1	0.09983485940858425
2	0.1997173245435798
3	0.2991371425376234
4	0.3996394495991118
