val	probability
0	0.20000000000000023
1	0.20001901500235014
2	0.2007149429740825
3	0.19313151724587443
4	0.20613452477769267
