val	probability
0	0.10000000000000002
1	0.09004603393219286
2	0.18126540426590126
3	0.26154764775670697
4	0.36714091404519905
