val	probability
0	0.5
1	0.12500000000000003
2	0.07031250000000003
3	0.04641723632812505
4	0.2582702636718751
