val	probability
0	0.4590747154787533
1	0.19844486203303704
2	0.11165303522804268
3	0.06967638282979635
4	0.04616271758598333
5	0.11498828684438724
