val	probability
0	0.002388346242010833
1	0.06644949668476792
2	0.13863399072335686
3	0.20790314485295244
4	0.21446732247270342
5	0.3701576990242084
