val	probability
0	0.010000000000000004
1	0.014489596885806024
2	0.03745777031820461
3	0.03957534223448151
4	0.04577555165178058
5	0.025795662861217712
6	0.019123875041391833
7	0.049289259187129356
8	0.17679240780407848
9	0.2119028902148742
10	0.2593347081598252
11	0.05643111361747663
12	0.05403182202373393
