val	probability
0	0.4888784826756581
1	0.19087577345025442
2	0.10498562974382156
3	0.06509978921327611
4	0.04303859558149164
5	0.10712172933549832
