val	probability
0	0.20636106875744226
1	0.1989949136408551
2	0.13695475589028688
3	0.08533683830565157
4	0.372352423405764
