val	probability
0	0.2000000000000009
1	0.2000869097291217
2	0.2021017149177194
3	0.17661725090188468
4	0.22119412445127343
