val	probability
0	0.20000000000000007
1	0.20000003150914136
2	0.20000127708454057
3	0.19998746841814177
4	0.20001122298817628
