val	probability
0	0.2000000000000009
1	0.2004365811462352
2	0.20003847525178678
3	0.14495541768328946
4	0.25456952591868753
