val	probability
0	0.5
1	0.12500000000000003
2	0.0703125
3	0.03762817382812498
4	0.22128295898437506
5	0.024536132812499993
6	0.005859375000000003
7	0.003295898437499999
8	0.012084960937500005
