val	probability
0	0.0016712239111007917
1	0.09988394094131732
2	0.20106941020892974
3	0.29012282563764863
4	0.4072525993010037
