val	probability
0	0.49999999999999994
1	0.18750000000000003
2	0.10253906250000006
3	0.06351113319396977
4	0.04197433737182629
5	0.10447546693420412
