val	probability
0	0.16668071779216334
1	0.16947643558325853
2	0.18457113950291001
3	0.14912896839180417
4	0.10577193615273071
5	0.22437080257713315
