val	probability
0	0.10000000000000002
1	0.07292827514810202
2	0.12268431062882132
3	0.18928974995928463
4	0.19228888850371628
5	0.3228087757600757
