val	probability
0	0.5
1	0.12500000000000003
2	0.0703125
3	0.046417236328124986
4	0.25827026367187506
