val	probability
0	0.10000000000000002
1	0.09000178660554274
2	0.18004649008856755
3	0.26967411411156916
4	0.3602776091943203
