val	probability
0	0.06619119767341398
1	0.07975856986864902
2	0.08388653197431481
3	0.06986284294092578
4	0.06951107031343527
5	0.04070200758702414
6	0.03618047891463869
7	0.06525346688212351
8	0.18957455901942305
9	0.12987484017880724
10	0.13014688378095673
11	0.020310072010325354
12	0.018747478855962153
