val	probability
0	0.41666666666666685
1	0.20833333333333337
2	0.2500000000000001
3	0.12500000000000003
