val	probability
0	0.04826185348531711
1	0.10541898644374102
2	0.3924241210577761
3	0.45389503901316586
