val	probability
0	0.20000119820297854
1	0.2014348084449203
2	0.1726538227908854
3	0.10668368284270809
4	0.31922648771850753
