val	probability
0	0.07665790643160333
1	0.10889633346713012
2	0.3664393474479715
3	0.44800641265329477
